ticket_code,last_name,first_name,email,product,transferred_from_code,transferred_from_email
X9H5AA,Moser,Naughty,charming.kirch@noop.com,Bally's - Standard 2 Queens,9T73CX,
6729C6,Wright,Stupefied,stupefied.wright@noop.com,Bally's - Executive King Suite,7C8X5,
THD5N8,Easley,Condescending,condescending.easley@noop.com,Art Room Bally's - Standard 2 Queens,93CTT,
224AX3,Cerf,Elastic,elastic.cerf@noop.com,Bally's - Standard King,8H66N,
3RXCM8,Noether,Hardcore,hardcore.noether@noop.com,Bally's - Tahoe King Suite,95D2C,
A7X44N,Archimedes,Lucid,lucid.archimedes@noop.com,Hard Rock - Lakeview Balcony Suite (RFP Sale),C2T75A,
N699HT,Pike,Nervous,condescending.lalande@noop.com,Art Room Bally's - Standard 2 Queens (RFP Sale),888KXN,
DN32HN,Blackwell,Compassionate,compassionate.blackwell@noop.com,Hard Rock - Mountain View Suite,XDM9N,
DM284H,Beaver,Reverent,reverent.beaver@noop.com,Hard Rock - Pool View Balcony Suite (Post Sale),,
MT799C,Franklin,Quirky,condescending.archimedes@noop.com,Bally's - Standard 2 Queens (RFP Sale),34N53,
8854X2,Fermat,Gallant,gallant.fermat@noop.com,Hard Rock - Lakeview Balcony 2 Queens (Post Sale),,
A2NA4C,Torvalds,Silly,silly.torvalds@noop.com,Hard Rock - Lakeview Balcony 2 Queens (Post Sale),,
HK8HHN,Kare,Determined,determined.kare@noop.com,Bally's - Standard 2 Queens (Post Sale),,
85R84R,Murdock,Flamboyant,flamboyant.murdock@noop.com,Hard Rock - Lakeview Balcony 2 Queens (Post Sale),,
8X9TC8,Poitras,Elated,vigilant.bouman@noop.com,Bally's - Executive King Suite,5XHAR,
DCNDAK,Hamilton,Silly,silly.hamilton@noop.com,Hard Rock - Lakeview King (Post Sale),,
TXXN82,Shtern,Epic,epic.shtern@noop.com,Hard Rock - Standard King (Post Sale),,
9NRMMR,Sutherland,Sharp,sharp.sutherland@noop.com,Art Room Bally's - Standard 2 Queens,9697A,
582TRA,Fermi,Frosty,frosty.fermi@noop.com,Hard Rock - Standard King (Post Sale),,
KDH58C,Hypatia,Frosty,frosty.hypatia@noop.com,Hard Rock - Lakeview Balcony King (Post Sale),,
3D274N,Euclid,Flamboyant,flamboyant.euclid@noop.com,Hard Rock - Standard King (Post Sale),,
MTAT9H,Feistel,Pensive,pensive.feistel@noop.com,Hard Rock - Standard King,X5R9N,
KR6C93,Villani,Magical,magical.herschel@noop.com,Bally's - Standard 2 Queens,R8T52,
4MC7XX,Elbakyan,Sweet,sweet.elbakyan@noop.com,Bally's - Standard 2 Queens,27NMD,
AR6H3K,Euclid,Cranky,dreamy.brattain@noop.com,Bally's - Suite Upgrade from King to Queen (Post),,
8CDT8K,Pike,Admiring,admiring.pike@noop.com,Bally's - Standard King,DRT3H,
AN5D7D,Pike,Elated,elated.pike@noop.com,Hard Rock - Lakeview 2 Queens (Post Sale),,
KRD52M,Euler,Suspicious,suspicious.euler@noop.com,Hard Rock - Lakeview Balcony 2 Queens,M6XA6,
TD4699,Allen,Interesting,interesting.allen@noop.com,Hard Rock - Lakeview Balcony King (Post Sale),,
6R3AHH,Ellis,Compassionate,compassionate.ellis@noop.com,Bally's - Sierra 2 Queens Suite (Post Sale),,
KA9DCX,Swanson,Exciting,exciting.swanson@noop.com,Hard Rock - Lakeview King,677RN,
3H388R,Cartwright,Mystifying,strange.lewin@noop.com,Bally's - Sierra 2 Queens Suite,HHTDNK,
C2T75A,Ardinghelli,Crazy,modest.ishizaka@noop.com,Hard Rock - Lakeview Balcony Suite (RFP Sale),R35HR,
K45227,Chaum,Gallant,gallant.chaum@noop.com,Hard Rock - Standard King (Post Sale),,
9H8TNK,Joliot,Gracious,gracious.joliot@noop.com,Hard Rock - Standard King (Post Sale),,
TXNMA5,Fermi,Eager,eager.fermi@noop.com,Hard Rock - Standard King (Post Sale),,
8T7CRH,Jemison,Busy,busy.jemison@noop.com,Bally's - Standard 2 Queens (Post Sale),,
X7XX3A,Bhaskara,Relaxed,relaxed.bhaskara@noop.com,Hard Rock - Balcony King (Post Sale),,
5K2RH4,Merkle,Objective,priceless.brahmagupta@noop.com,Art Room Bally's - Standard 2 Queens (Post Sale),,
K479N2,Elbakyan,Vibrant,vibrant.elbakyan@noop.com,Bally's - Standard 2 Queens (Post Sale),,
2D2RD9,Shannon,Jovial,jovial.shannon@noop.com,Hard Rock - Standard King (Post Sale),,
28C833,Mendeleev,Upbeat,bold.dubinsky@noop.com,Hard Rock - Lakeview 2 Queens (Post Sale),,
7XTTRC,Herschel,Peaceful,peaceful.herschel@noop.com,Hard Rock - Standard King,C6HC5,
D96TH3,Benz,Beautiful,beautiful.benz@noop.com,Hard Rock - Lakeview King,HTR83,
DD7CHK,Stonebraker,Epic,epic.stonebraker@noop.com,Hard Rock - Standard King (Post Sale),,
D88485,Clarke,Priceless,priceless.clarke@noop.com,Hard Rock - Standard King (Post Sale),,
RHR54C,Tereshkova,Cranky,cranky.tereshkova@noop.com,Hard Rock - Standard King (Post Sale),,
83N96H,Agnesi,Kind,kind.agnesi@noop.com,Hard Rock - Mountain View Suite,CR77DN,
RR63MT,Elbakyan,Upbeat,upbeat.elbakyan@noop.com,Bally's - Standard 2 Queens (Post Sale),,
ND38D6,Curie,Busy,busy.curie@noop.com,Bally's - Standard 2 Queens,X3DAT,
4AR8R5,Easley,Wonderful,festive.darwin@noop.com,Art Room Bally's - Standard 2 Queens,N8TR7,
4C6AXM,Napier,Inspiring,affectionate.shirley@noop.com,Hard Rock - Mountain View Suite,4H8CMA,
N8X6XR,Easley,Wonderful,festive.darwin@noop.com,Art Room Bally's - Standard King,XH37H3,
7HX2XD,Stonebraker,Inspiring,inspiring.stonebraker@noop.com,Bally's - Standard 2 Queens (RFP Sale),R554X,
XAX93C,Yonath,Practical,practical.yonath@noop.com,Hard Rock - Lakeview Balcony King,M2D34,
3D7528,Dirac,Recursing,recursing.dirac@noop.com,Bally's - Standard 2 Queens,5RCX5D,
R57KDH,Proskuriakova,Jovial,jovial.proskuriakova@noop.com,Hard Rock - Lakeview Balcony King (Post Sale),,
7M2HRT,Chatelet,Amazing,upbeat.lamport@noop.com,Bally's - Standard 2 Queens (Post Sale),,
KKMMC7,Swirles,Frosty,frosty.swirles@noop.com,Bally's - Standard 2 Queens,9DH9X,
5RCX5D,Mclean,Focused,charming.kirch@noop.com,Bally's - Standard 2 Queens,8HKMM,
3KNAR9,Rosalind,Xenodochial,flamboyant.roentgen@noop.com,Art Room Bally's - Standard 2 Queens,2H536,
M6H3MD,Feynman,Nifty,objective.bohr@noop.com,Hard Rock - Balcony King,N2T97,
TA3DN7,Leakey,Exciting,exciting.leakey@noop.com,Bally's - Standard King (RFP Sale),KM7KT,
2DA3K7,Nightingale,Interesting,interesting.nightingale@noop.com,Bally's - Standard 2 Queens,TKHCX,
67K58K,Chandrasekhar,Serene,eager.kapitsa@noop.com,Hard Rock - Standard 2 Queens (50% fee),,
5AD9M9,Matsumoto,Boring,boring.matsumoto@noop.com,Hard Rock - Standard King,9HX52,
RKXK4A,Kowalevski,Gracious,gracious.kowalevski@noop.com,Hard Rock - Lakeview Balcony King,64NH6,
HNKT9D,Ganguly,Vibrant,vibrant.ganguly@noop.com,Art Room Bally's - Standard 2 Queens,C66DR,
9N6TA5,Yonath,Adoring,adoring.yonath@noop.com,Bally's - Standard 2 Queens (Post Sale),,
3C2H76,Cannon,Nervous,nervous.cannon@noop.com,Bally's - Standard 2 Queens (Post Sale),,
86362R,Ganguly,Clever,clever.ganguly@noop.com,Bally's - Standard 2 Queens (Post Sale),H775X7,
HHTDNK,Ganguly,Keen,peaceful.bell@noop.com,Bally's - Sierra 2 Queens Suite,D32HD,
34CT9X,Almeida,Tender,strange.black@noop.com,Bally's - Standard 2 Queens (50% fee),,
9T9AD5,Satoshi,Condescending,xenodochial.haibt@noop.com,Hard Rock - Standard King,8T97D,
ANH67R,Fermi,Stoic,dazzling.noether@noop.com,Bally's - Standard 2 Queens,H8NA7,
7RARAA,Jones,Keen,keen.jones@noop.com,Art Room Bally's - Standard 2 Queens,7677H,
H775X7,Tu,Hungry,hungry.tu@noop.com,Bally's - Standard 2 Queens (Post Sale),,
3RNN2H,Cartwright,Mystifying,strange.lewin@noop.com,Hard Rock - Mountain View Suite,6HNMX3,
XH37H3,Bartik,Goofy,upbeat.lamport@noop.com,Art Room Bally's - Standard King,2NN5H,
84TXNC,Nobel,Flamboyant,flamboyant.nobel@noop.com,Hard Rock - Pool View Balcony Suite,75253A,
28KND5,Yalow,Affectionate,affectionate.yalow@noop.com,Hard Rock - Lakeview Balcony King (Post Sale),,
K5CKTT,Ardinghelli,Sweet,sweet.ardinghelli@noop.com,Hard Rock - Mountain View Suite,5C76D,
HX67HA,Hopper,Keen,keen.hopper@noop.com,Art Room Bally's - Standard 2 Queens,XAK3K,
TM34KH,Mendeleev,Upbeat,bold.dubinsky@noop.com,Bally's - Tahoe King Suite (Post Sale),,
6CT7A2,Liskov,Busy,busy.liskov@noop.com,Bally's - Standard King (Post Sale),,
5XMHX9,Mclean,Busy,busy.mclean@noop.com,Bally's - Standard 2 Queens (Post Sale),,
9T73CX,Wing,Funny,funny.wing@noop.com,Bally's - Standard 2 Queens,8MCDR,
NKR2ND,Chatelet,Nifty,nifty.chatelet@noop.com,Hard Rock - Balcony King,7T24AX,
7T24AX,Mcclintock,Kind,condescending.goldstine@noop.com,Hard Rock - Balcony King,N3T44,
CTHR6N,Dubinsky,Quirky,quirky.dubinsky@noop.com,Bally's - Sierra King Suite (Post Sale),,
HT48D9,Jennings,Gifted,gifted.jennings@noop.com,Bally's - Standard 2 Queens (Post Sale),,
95X5DC,Swanson,Quirky,quirky.swanson@noop.com,Bally's - Standard 2 Queens,8MXN7,
5KK949,Diffie,Confident,confident.diffie@noop.com,Bally's - Standard 2 Queens,H9T5A,
9M8MH5,Wozniak,Stupefied,stupefied.wozniak@noop.com,Art Room Bally's - Standard 2 Queens (RFP Sale),NNMA5,
D449K9,Elion,Eager,eager.elion@noop.com,Bally's - Standard King (Post Sale),,
5MAK3N,Zhukovsky,Relaxed,relaxed.zhukovsky@noop.com,Hard Rock - Standard 2 Queens (50% fee),,
3DAD6D,Euler,Suspicious,elastic.mendeleev@noop.com,Bally's - Standard 2 Queens (Direct Sale),KRA2M,
N42D53,Elgamal,Gallant,gallant.elgamal@noop.com,Art Room Bally's - Standard 2 Queens (Post Sale),,
4A96D6,Merkle,Objective,priceless.brahmagupta@noop.com,Bally's - Sierra King Suite (Post Sale),,
54H66K,Mendeleev,Angry,exciting.edison@noop.com,Bally's - Standard 2 Queens (Post Sale),5XA99M,
5XA99M,Mendeleev,Angry,exciting.edison@noop.com,Bally's - Standard 2 Queens (Post Sale),,
888KXN,Franklin,Quirky,condescending.archimedes@noop.com,Art Room Bally's - Standard 2 Queens (RFP Sale),CNXC7,
AR65DR,Ganguly,Keen,peaceful.bell@noop.com,Art Room Bally's - Standard 2 Queens,CN35X,
C4KKCN,Davinci,Inspiring,brave.herschel@noop.com,Bally's - Standard 2 Queens,7AKK53,
AM5R86,Poitras,Elated,vigilant.bouman@noop.com,Bally's - Sierra King Suite,5T37K,
857TD3,Herschel,Naughty,hungry.driscoll@noop.com,Bally's - Standard 2 Queens (RFP Sale),RNRT3,
MMKT44,Heyrovsky,Sleepy,friendly.merkle@noop.com,Bally's - Standard King,DX638,
7AKK53,Poitras,Elated,vigilant.bouman@noop.com,Bally's - Standard 2 Queens,2C598,
CR77DN,Yonath,Quirky,quirky.yonath@noop.com,Hard Rock - Mountain View Suite,7X2RN,
75253A,Euler,Suspicious,elastic.mendeleev@noop.com,Hard Rock - Pool View Balcony Suite,5783D,
4KHM76,Leavitt,Elated,elated.leavitt@noop.com,Bally's - Standard King,MD4T7,
44HD7K,Dhawan,Trusting,trusting.dhawan@noop.com,Bally's - Standard King,2X976,
3RMX62,Davinci,Blissful,dreamy.saha@noop.com,Bally's - Tahoe King Suite,79288,
4H8CMA,Chatelet,Amazing,upbeat.lamport@noop.com,Hard Rock - Mountain View Suite,M6X63,
H8TRXC,Ganguly,Pensive,happy.hawking@noop.com,Bally's - Standard 2 Queens (Post Sale),,
M9RMMT,Jepsen,Hungry,hungry.jepsen@noop.com,Bally's - Standard 2 Queens,9KMHK,
75D3NA,Heyrovsky,Modest,modest.heyrovsky@noop.com,Bally's - Sierra King Suite,DDH9X,
9847D9,Sinoussi,Romantic,romantic.sinoussi@noop.com,Bally's - Standard 2 Queens (Direct Sale),4HX5K,
T54RHD,Buck,Great,great.buck@noop.com,Bally's - Standard King,N3787,
RA2TDC,Banzai,Silly,silly.banzai@noop.com,Hard Rock - Mountain View Suite,KN7R4,
CN3A57,Cartwright,Lucid,lucid.cartwright@noop.com,Art Room Bally's - Standard King,R72X4,
3NHM3T,Gauss,Confident,confident.gauss@noop.com,Art Room Bally's - Standard King,XAAT7,
97DDTC,Kirch,Clever,clever.kirch@noop.com,Hard Rock - Lakeview Balcony King,9N4RT,
TAMTK7,Dhawan,Wonderful,wonderful.dhawan@noop.com,Bally's - Standard King (RFP Sale),C6MN8,
AR5T6H,Bohr,Elated,elated.bohr@noop.com,Hard Rock - Lakeview Balcony King,5M6XR,
4T384X,Ardinghelli,Crazy,modest.ishizaka@noop.com,Bally's - Standard 2 Queens,8X68D,
DM2DM6,Fermi,Gifted,gifted.fermi@noop.com,Bally's - Standard 2 Queens,537N9,
67AX76,Elion,Xenodochial,xenodochial.elion@noop.com,Bally's - Standard 2 Queens,TKD94,
8M42XD,Saha,Hardcore,hardcore.saha@noop.com,Bally's - Standard 2 Queens,R22RN,
84DH6C,Williams,Zealous,zealous.williams@noop.com,Bally's - Standard 2 Queens,935HA2,
6HNMX3,Maxwell,Funny,funny.maxwell@noop.com,Hard Rock - Mountain View Suite,9C656,
935HA2,Perlman,Inspiring,inspiring.perlman@noop.com,Bally's - Standard 2 Queens,AX49C,
7X66X9,Bell,Unruffled,unruffled.bell@noop.com,Art Room Bally's - Standard 2 Queens,88K5K,
N8TR7,Napier,Inspiring,affectionate.shirley@noop.com,Art Room Bally's - Standard 2 Queens,R97CC,
TXRN4,Chandrasekhar,Interesting,interesting.chandrasekhar@noop.com,Hard Rock - Standard King (RFP Sale),KRN23,
H5X3D,Almeida,Keen,keen.almeida@noop.com,Bally's - Standard 2 Queens,8T737,
27NMD,Bose,Cool,cool.bose@noop.com,Bally's - Standard 2 Queens,AX865,
8D66M,Almeida,Vibrant,vibrant.almeida@noop.com,Bally's - Standard 2 Queens (RFP Sale),8ACD6,
7C8X5,Carson,Distracted,distracted.carson@noop.com,Bally's - Executive King Suite,5CX86,
XDC3T,Lamport,Zen,zen.lamport@noop.com,Hard Rock - Mountain View Suite,A7TK4,
R2235,Chaplygin,Quizzical,quizzical.chaplygin@noop.com,Art Room Bally's - Standard 2 Queens,3CRRK,
MD2MA,Dhawan,Cool,cool.dhawan@noop.com,Hard Rock - Lakeview 2 Queens,C3XA3,
3R4D5,Meitner,Eager,eager.meitner@noop.com,Hard Rock - Standard King,CAK6D,
R3ADC,Tharp,Practical,practical.tharp@noop.com,Hard Rock - Mountain View Suite,CM349,
63MC8,Kare,Fervent,fervent.kare@noop.com,Bally's - Standard 2 Queens,N3ANX,
TXM7R,Northcutt,Quirky,quirky.northcutt@noop.com,Hard Rock - Lakeview Balcony King,7R752,
HNNAT,Buck,Crazy,crazy.buck@noop.com,Bally's - Standard 2 Queens,K4DKH,
8TTMC,Brattain,Dazzling,dazzling.brattain@noop.com,Art Room Bally's - Standard 2 Queens,XXD7A,
4X252,Goldwasser,Thirsty,thirsty.goldwasser@noop.com,Art Room Bally's - Standard 2 Queens,,
A6MH6,Turing,Dazzling,dazzling.turing@noop.com,Art Room Bally's - Standard 2 Queens,,
KR858,Cerf,Sad,sad.cerf@noop.com,Hard Rock - Pool View Balcony Suite,,
XXD7A,Hofstadter,Great,great.hofstadter@noop.com,Art Room Bally's - Standard 2 Queens,,
H6RRR,Noyce,Happy,happy.noyce@noop.com,Hard Rock - Lakeview Balcony Suite,,
7X2RN,Keller,Ecstatic,ecstatic.keller@noop.com,Hard Rock - Mountain View Suite,,
T83HK,Pare,Recursing,recursing.pare@noop.com,Bally's - Standard 2 Queens,,
9C656,Payne,Crazy,crazy.payne@noop.com,Hard Rock - Mountain View Suite,,
7M573,Haibt,Kind,kind.haibt@noop.com,Art Room Bally's - Standard 2 Queens,,
D865N,Hodgkin,Bold,admiring.stonebraker@noop.com,Bally's - Standard 2 Queens,,
H75MT,Bose,Gallant,gallant.bose@noop.com,Hard Rock - Balcony King,,
XAK3K,Chaum,Agitated,agitated.chaum@noop.com,Art Room Bally's - Standard 2 Queens,,
A23MC,Nash,Dreamy,dreamy.nash@noop.com,Art Room Bally's - Standard 2 Queens,,
93CTT,Dhawan,Gracious,gracious.dhawan@noop.com,Art Room Bally's - Standard 2 Queens,,
T9HAD,Moore,Jovial,jovial.moore@noop.com,Art Room Bally's - Standard 2 Queens,,
27R9C,Pare,Lucid,eager.roentgen@noop.com,Art Room Bally's - Standard 2 Queens,,
2H536,Pare,Lucid,eager.roentgen@noop.com,Art Room Bally's - Standard 2 Queens,,
KN7R4,Shannon,Blissful,blissful.shannon@noop.com,Hard Rock - Mountain View Suite,,
79436,Noyce,Cool,cool.noyce@noop.com,Hard Rock - Lakeview Balcony Suite,,
N6MCA,Chandrasekhar,Epic,epic.chandrasekhar@noop.com,Art Room Bally's - Standard 2 Queens,,
2324C,Tharp,Crazy,crazy.tharp@noop.com,Bally's - Standard 2 Queens,,
T5HC9,Mclean,Silly,silly.mclean@noop.com,Bally's - Standard 2 Queens,,
5C76D,Kilby,Heuristic,vigilant.ride@noop.com,Hard Rock - Mountain View Suite,,
64NH6,Kilby,Heuristic,vigilant.ride@noop.com,Hard Rock - Lakeview Balcony King,,
297A2,Dijkstra,Eloquent,eloquent.dijkstra@noop.com,Hard Rock - Mountain View Suite,,
XRKNR,Satoshi,Mystifying,mystifying.satoshi@noop.com,Bally's - Sierra King Suite,,
T53MN,Nightingale,Beautiful,beautiful.nightingale@noop.com,Bally's - Executive King Suite,,
634CM,Thompson,Practical,practical.thompson@noop.com,Bally's - Standard King,,
TKD94,Archimedes,Cranky,cranky.archimedes@noop.com,Bally's - Standard 2 Queens,,
R22RN,Murdock,Nifty,nifty.murdock@noop.com,Bally's - Standard 2 Queens,,
H5R65,Goldstine,Focused,focused.goldstine@noop.com,Art Room Bally's - Standard 2 Queens,,
79288,Davinci,Blissful,dreamy.saha@noop.com,Bally's - Tahoe King Suite,,
TMCA6,Pare,Happy,happy.pare@noop.com,Bally's - Standard King,,
3MTHD,Ptolemy,Beautiful,beautiful.ptolemy@noop.com,Bally's - Standard King,,
C66DR,Bose,Quizzical,quizzical.bose@noop.com,Art Room Bally's - Standard 2 Queens,,
C6CXC,Lewin,Hardcore,boring.edison@noop.com,Bally's - Standard King,,
XAAT7,Lewin,Hardcore,boring.edison@noop.com,Art Room Bally's - Standard King,,
7X59X,Shannon,Lucid,lucid.shannon@noop.com,Hard Rock - Mountain View Suite,,
34R8H,Mcclintock,Busy,busy.mcclintock@noop.com,Bally's - Standard 2 Queens,,
7677H,Satoshi,Condescending,xenodochial.haibt@noop.com,Art Room Bally's - Standard 2 Queens,,
DNNAC,Shannon,Dreamy,dreamy.shannon@noop.com,Bally's - Standard 2 Queens,,
3NXCR,Einstein,Unruffled,unruffled.einstein@noop.com,Art Room Bally's - Standard 2 Queens,,
N2T97,Feynman,Nifty,objective.bohr@noop.com,Hard Rock - Balcony King,,
A8X85,Nobel,Objective,objective.nobel@noop.com,Bally's - Standard 2 Queens,,
N9A4C,Morse,Hopeful,compassionate.sutherland@noop.com,Bally's - Standard King,,
AKX9H,Morse,Hopeful,compassionate.sutherland@noop.com,Bally's - Standard 2 Queens,,
KT839,Poitras,Quizzical,quizzical.poitras@noop.com,Hard Rock - Mountain View Suite,,
CN35X,Brattain,Loving,loving.brattain@noop.com,Art Room Bally's - Standard 2 Queens,,
K26RR,Banach,Dreamy,dreamy.banach@noop.com,Art Room Bally's - Standard 2 Queens,,
5783D,Clarke,Unruffled,trusting.northcutt@noop.com,Hard Rock - Pool View Balcony Suite,,
H6AM2,Clarke,Unruffled,trusting.northcutt@noop.com,Art Room Bally's - Standard 2 Queens,,
AX49C,Kilby,Goofy,goofy.kilby@noop.com,Bally's - Standard 2 Queens,,
4K8HM,Borg,Brave,brave.borg@noop.com,Hard Rock - Lakeview Balcony King,,
62K5N,Kapitsa,Interesting,interesting.kapitsa@noop.com,Bally's - Standard King,,
H6ADN,Edison,Eager,eager.edison@noop.com,Hard Rock - Lakeview Balcony King,,
8A386,Kalam,Vigorous,vigorous.kalam@noop.com,Hard Rock - Balcony King,,
933M6,Burnell,Clever,clever.burnell@noop.com,Bally's - Standard 2 Queens,,
TX5M2,Hertz,Sharp,sharp.hertz@noop.com,Bally's - Sierra King Suite,,
TKHCX,Goldstine,Pensive,pensive.goldstine@noop.com,Bally's - Standard 2 Queens,,
8MCDR,Haibt,Jolly,jolly.haibt@noop.com,Bally's - Standard 2 Queens,,
38M28,Leavitt,Angry,angry.leavitt@noop.com,Hard Rock - Lakeview Balcony King,,
7DM82,Hypatia,Wizardly,stupefied.carver@noop.com,Bally's - Standard King,,
X3DAT,Khorana,Inspiring,inspiring.khorana@noop.com,Bally's - Standard 2 Queens,,
3HC8H,Noether,Sharp,sharp.noether@noop.com,Bally's - Standard 2 Queens,,
2MA7A,Brattain,Great,great.brattain@noop.com,Art Room Bally's - Standard 2 Queens,,
R8T52,Nightingale,Musing,musing.nightingale@noop.com,Bally's - Standard 2 Queens,,
NNDRD,Sinoussi,Crazy,crazy.sinoussi@noop.com,Bally's - Standard 2 Queens,,
4K5H2,Yonath,Sad,sad.yonath@noop.com,Hard Rock - Lakeview Balcony King,,
TC7K2,Mahavira,Modest,modest.mahavira@noop.com,Bally's - Standard 2 Queens,,
CCT6X,Golick,Laughing,laughing.golick@noop.com,Bally's - Standard 2 Queens,,
359KD,Tesla,Xenodochial,xenodochial.tesla@noop.com,Bally's - Standard 2 Queens,,
C36C9,Murdock,Cool,cool.murdock@noop.com,Hard Rock - Balcony King,,
8MXN7,Mendel,Epic,epic.mendel@noop.com,Bally's - Standard 2 Queens,,
537N9,Bouman,Epic,affectionate.swanson@noop.com,Bally's - Standard 2 Queens,,
5CX86,Bouman,Epic,affectionate.swanson@noop.com,Bally's - Executive King Suite,,
N3ANX,Boyd,Mystifying,mystifying.boyd@noop.com,Bally's - Standard 2 Queens,,
AX865,Rhodes,Laughing,sleepy.robinson@noop.com,Bally's - Standard 2 Queens,,
8T737,Rhodes,Laughing,sleepy.robinson@noop.com,Bally's - Standard 2 Queens,,
3CRRK,Khayyam,Adoring,adoring.khayyam@noop.com,Art Room Bally's - Standard 2 Queens,,
R5N5H,Shannon,Interesting,interesting.shannon@noop.com,Hard Rock - Balcony King,,
HDCRM,Lovelace,Dazzling,dazzling.lovelace@noop.com,Bally's - Tahoe King Suite,,
X62K7,Elbakyan,Hardcore,hardcore.elbakyan@noop.com,Bally's - Standard 2 Queens,,
3TDMR,Gauss,Infallible,inspiring.keldysh@noop.com,Bally's - Standard King,,
882XK,Gauss,Infallible,inspiring.keldysh@noop.com,Art Room Bally's - Standard 2 Queens,,
28A38,Yalow,Gracious,gracious.yalow@noop.com,Bally's - Standard 2 Queens,,
NMHR4,Kirch,Goofy,zealous.mcclintock@noop.com,Art Room Bally's - Standard 2 Queens,,
6TTD2,Mcclintock,Zealous,zealous.mcclintock@noop.com,Art Room Bally's - Standard 2 Queens,,
9TD2X,Moser,Compassionate,stoic.lewin@noop.com,Bally's - Sierra 2 Queens Suite,,
68XC2,Rhodes,Gracious,gracious.rhodes@noop.com,Bally's - Sierra King Suite,,
2ATKK,Wing,Recursing,recursing.wing@noop.com,Bally's - Standard 2 Queens,,
98MA4,Sinoussi,Jolly,jolly.sinoussi@noop.com,Hard Rock - Lakeview King,,
8R488,Bell,Jovial,jovial.bell@noop.com,Bally's - Standard King,,
KHRRK,Ellis,Nostalgic,nostalgic.ellis@noop.com,Art Room Bally's - Standard 2 Queens,,
8R7X3,Goldwasser,Flamboyant,flamboyant.goldwasser@noop.com,Bally's - Standard King,,
XXKXM,Neumann,Gracious,gracious.neumann@noop.com,Bally's - Standard King,,
K4DKH,Lichterman,Boring,priceless.albattani@noop.com,Bally's - Standard 2 Queens,,
65CRH,Bartik,Thirsty,thirsty.bartik@noop.com,Bally's - Standard 2 Queens (RFP Sale),HX37D,
DRH27,Northcutt,Trusting,sleepy.fermat@noop.com,Bally's - Standard King (Direct Sale),KXXCX,
3594M,Bhaskara,Strange,focused.shockley@noop.com,Bally's - Sierra King Suite,XM866,
NKXRR,Davinci,Inspiring,brave.herschel@noop.com,Bally's - Standard 2 Queens,4CX84,
KXXCX,Mestorf,Gifted,gifted.mestorf@noop.com,Bally's - Standard King (Direct Sale),,
4CX84,Bhaskara,Strange,focused.shockley@noop.com,Bally's - Standard 2 Queens,N978T,
XRMAN,Jennings,Dreamy,dreamy.jennings@noop.com,Bally's - Standard 2 Queens,2TAHA,
296A9,Jackson,Affectionate,affectionate.jackson@noop.com,Hard Rock - Balcony King (RFP Sale),,
7N58C,Chaplygin,Vigilant,vigilant.chaplygin@noop.com,Bally's - Standard 2 Queens (Direct Sale),,
TCD52,Lehmann,Upbeat,upbeat.lehmann@noop.com,Art Room Bally's - Standard 2 Queens (RFP Sale),,
7NTK6,Kare,Serene,serene.kare@noop.com,Bally's - Standard King (Direct Sale),,
5A87C,Pike,Nervous,condescending.lalande@noop.com,Hard Rock - Lakeview Balcony Suite (RFP Sale),,
58766,Volhard,Vigorous,vigorous.volhard@noop.com,Bally's - Standard King (Direct Sale),R66HD,
R66HD,Wilson,Infallible,infallible.wilson@noop.com,Bally's - Standard King (Direct Sale),,
DDH9X,Euler,Eloquent,eloquent.euler@noop.com,Bally's - Sierra King Suite,H7MN3,
X6564,Wright,Busy,busy.wright@noop.com,Bally's - Standard King (Direct Sale),,
D952D,Neumann,Vigorous,vigorous.neumann@noop.com,Bally's - Standard King (Direct Sale),TN7MH,
KRA2M,Brattain,Naughty,jolly.blackwell@noop.com,Bally's - Standard 2 Queens (Direct Sale),,
9697A,Davinci,Interesting,interesting.davinci@noop.com,Art Room Bally's - Standard 2 Queens,4A8TN,
MAT29,Maxwell,Confident,confident.maxwell@noop.com,Hard Rock - Standard King (RFP Sale),,
KC8T9,Benz,Optimistic,optimistic.benz@noop.com,Hard Rock - Standard King (RFP Sale),N8TA9,
7X583,Noether,Dazzling,dazzling.noether@noop.com,Hard Rock - Lakeview Balcony Suite (RFP Sale),,
H3A2A,Sanderson,Condescending,condescending.sanderson@noop.com,Bally's - Standard King,6XT5D,
HTD6X,Kalam,Focused,focused.kalam@noop.com,Hard Rock - Lakeview Balcony Suite (RFP Sale),,
KXC9C,Hofstadter,Thirsty,thirsty.hofstadter@noop.com,Bally's - Standard 2 Queens (Direct Sale),,
3MH35,Joliot,Pedantic,pedantic.joliot@noop.com,Bally's - Standard 2 Queens,DCCAC,
2N92H,Lewin,Hardcore,boring.edison@noop.com,Hard Rock - Standard King (RFP Sale),MCC3N,
MNNX3,Gould,Boring,boring.gould@noop.com,Bally's - Standard 2 Queens (Direct Sale),,
THH2D,Carver,Intelligent,intelligent.carver@noop.com,Hard Rock - Standard King (RFP Sale),,
N8TA9,Chandrasekhar,Serene,eager.kapitsa@noop.com,Hard Rock - Standard King (RFP Sale),,
2N455,Kepler,Romantic,romantic.kepler@noop.com,Bally's - Standard 2 Queens,337NX,
TACT5,Hermann,Affectionate,affectionate.hermann@noop.com,Art Room Bally's - Standard 2 Queens (RFP Sale),,
6RNHH,Gates,Frosty,frosty.gates@noop.com,Bally's - Standard King (Direct Sale),6XDNN,
NC5DN,Elgamal,Sad,sad.elgamal@noop.com,Hard Rock - Standard King (RFP Sale),,
N776M,Benz,Friendly,friendly.benz@noop.com,Bally's - Standard 2 Queens (Direct Sale),A2T72,
XCN8H,Merkle,Competent,competent.merkle@noop.com,Hard Rock - Standard King (RFP Sale),,
DMA9T,Mendeleev,Thirsty,vibrant.babbage@noop.com,Bally's - Standard 2 Queens,9D3NA,
A2T72,Napier,Competent,gifted.boyd@noop.com,Bally's - Standard 2 Queens (Direct Sale),,
4C9HT,Darwin,Great,great.darwin@noop.com,Bally's - Standard King (Direct Sale),2353R,
KTKK7,Hugle,Kind,kind.hugle@noop.com,Hard Rock - Standard King (RFP Sale),,
MCC3N,Lichterman,Boring,priceless.albattani@noop.com,Hard Rock - Standard King (RFP Sale),,
84888,Boyd,Bold,loving.ritchie@noop.com,Bally's - Standard 2 Queens (Direct Sale),,
AM9H6,Boyd,Bold,loving.ritchie@noop.com,Bally's - Standard King (Direct Sale),,
328NN,Blackwell,Gifted,gifted.blackwell@noop.com,Bally's - Standard King,XCAC5,
H5CHK,Hertz,Hardcore,hardcore.hertz@noop.com,Bally's - Standard 2 Queens (Direct Sale),,
2R8TA,Lovelace,Gracious,gracious.lovelace@noop.com,Bally's - Standard King (Direct Sale),36TRC,
A69H2,Wing,Nervous,nervous.wing@noop.com,Bally's - Standard King (Direct Sale),,
36TRC,Brattain,Naughty,jolly.blackwell@noop.com,Bally's - Standard King (Direct Sale),,
2353R,Heyrovsky,Nervous,affectionate.mcnulty@noop.com,Bally's - Standard King (Direct Sale),,
TXT23,Gould,Hungry,hungry.gould@noop.com,Hard Rock - Lakeview King,,
CKMAK,Bassi,Sharp,sharp.bassi@noop.com,Art Room Bally's - Standard 2 Queens (RFP Sale),,
C4KHC,Euler,Admiring,admiring.euler@noop.com,Hard Rock - Standard King (RFP Sale),,
A7TK4,Kalam,Serene,serene.kalam@noop.com,Hard Rock - Mountain View Suite,,
KRN23,Leakey,Nice,nice.leakey@noop.com,Hard Rock - Standard King (RFP Sale),,
8HHTD,Banach,Condescending,condescending.banach@noop.com,Hard Rock - Lakeview Balcony King,,
M2D34,Mcclintock,Kind,condescending.goldstine@noop.com,Hard Rock - Lakeview Balcony King,,
RC7H8,Lamport,Vigilant,vigilant.lamport@noop.com,Hard Rock - Standard King (RFP Sale),,
84HDN,Montalcini,Sweet,sweet.montalcini@noop.com,Bally's - Standard King (Direct Sale),,
AA3TM,Hypatia,Wizardly,stupefied.carver@noop.com,Hard Rock - Standard King (RFP Sale),,
R35HR,Mcnulty,Busy,busy.mcnulty@noop.com,Hard Rock - Lakeview Balcony Suite (RFP Sale),,
7M352,Nobel,Priceless,priceless.nobel@noop.com,Hard Rock - Standard King,,
MHX7T,Yonath,Boring,boring.yonath@noop.com,Hard Rock - Standard King,,
AN6AN,Chatterjee,Vigorous,vigorous.chatterjee@noop.com,Bally's - Standard 2 Queens (RFP Sale),738NC,
CAK6D,Easley,Wizardly,wizardly.easley@noop.com,Hard Rock - Standard King,,
4D3N9,Goldwasser,Focused,focused.goldwasser@noop.com,Hard Rock - Lakeview Balcony King,,
3XN8C,Gates,Elastic,elastic.gates@noop.com,Bally's - Standard King,RA3AC,
22H4T,Moser,Compassionate,stoic.lewin@noop.com,Hard Rock - Lakeview King,,
8N72N,Blackwell,Objective,objective.blackwell@noop.com,Hard Rock - Lakeview King,,
87C36,Grothendieck,Friendly,friendly.grothendieck@noop.com,Hard Rock - Mountain View Suite,,
5TX7R,Shtern,Wizardly,wizardly.shtern@noop.com,Hard Rock - Standard King,,
XDM9N,Northcutt,Trusting,sleepy.fermat@noop.com,Hard Rock - Mountain View Suite,,
677RN,Gates,Elastic,kind.sammet@noop.com,Hard Rock - Lakeview King,,
8A6N7,Lamport,Wonderful,wonderful.lamport@noop.com,Hard Rock - Lakeview King,,
C4485,Gates,Funny,funny.gates@noop.com,Hard Rock - Lakeview King,,
7943A,Pasteur,Compassionate,compassionate.pasteur@noop.com,Hard Rock - Standard King,,
TRT9N,Neumann,Elastic,elastic.neumann@noop.com,Hard Rock - Standard King,,
MKMT7,Pasteur,Optimistic,optimistic.pasteur@noop.com,Hard Rock - Standard King,,
2C59A,Bardeen,Gallant,gallant.bardeen@noop.com,Hard Rock - Standard King,,
N3T44,Brown,Charming,charming.brown@noop.com,Hard Rock - Balcony King,,
XMDX9,Sanderson,Hungry,hungry.sanderson@noop.com,Hard Rock - Standard King,,
AH793,Liskov,Pensive,pensive.liskov@noop.com,Hard Rock - Standard King,,
M6X63,Knuth,Vigorous,vigorous.knuth@noop.com,Hard Rock - Mountain View Suite,,
9N4RT,Feynman,Sharp,sharp.feynman@noop.com,Hard Rock - Lakeview Balcony King,,
2A6C3,Herschel,Optimistic,optimistic.herschel@noop.com,Hard Rock - Standard King,,
8T97D,Colden,Bold,jovial.dewdney@noop.com,Hard Rock - Standard King,,
T79CM,Colden,Bold,jovial.dewdney@noop.com,Hard Rock - Pool View Balcony Suite,,
2R5KK,Grothendieck,Xenodochial,xenodochial.grothendieck@noop.com,Hard Rock - Lakeview King,,
39AC4,Yalow,Naughty,naughty.yalow@noop.com,Hard Rock - Mountain View Suite,,
53C4T,Davinci,Condescending,upbeat.spence@noop.com,Hard Rock - Mountain View Suite,,
7H456,Davinci,Condescending,upbeat.spence@noop.com,Hard Rock - Lakeview 2 Queens,,
A92K5,Tereshkova,Dreamy,dreamy.tereshkova@noop.com,Hard Rock - Standard King,,
4437N,Newton,Heuristic,heuristic.newton@noop.com,Bally's - Standard 2 Queens (Direct Sale),,
NR546,Sammet,Determined,determined.sammet@noop.com,Hard Rock - Standard King,,
MHHNK,Feistel,Xenodochial,xenodochial.feistel@noop.com,Hard Rock - Standard King,,
59MH4,Fermat,Silly,silly.fermat@noop.com,Hard Rock - Lakeview Balcony King,,
H8739,Einstein,Elated,elated.einstein@noop.com,Hard Rock - Lakeview Balcony King,,
K8KKA,Edison,Gracious,gracious.edison@noop.com,Hard Rock - Standard King,,
A29TD,Austin,Gallant,gallant.austin@noop.com,Hard Rock - Standard King,,
NT224,Goldberg,Dreamy,dreamy.goldberg@noop.com,Hard Rock - Lakeview King,,
84RAR,Goodall,Intelligent,intelligent.goodall@noop.com,Bally's - Standard King,,
38HR7,Villani,Magical,magical.herschel@noop.com,Hard Rock - Standard King,,
CM349,Merkle,Recursing,recursing.merkle@noop.com,Hard Rock - Mountain View Suite,,
DM7D8,Solomon,Fervent,fervent.solomon@noop.com,Hard Rock - Standard King,,
CT2CX,Montalcini,Trusting,peaceful.raman@noop.com,Bally's - Standard 2 Queens,A8N8D,
TANRK,Pike,Tender,tender.pike@noop.com,Hard Rock - Lakeview Balcony King,,
4995N,Shamir,Adoring,adoring.shamir@noop.com,Hard Rock - Lakeview 2 Queens,,
N9MMD,Hofstadter,Romantic,romantic.hofstadter@noop.com,Bally's - Standard King,,
C36DR,Lehmann,Keen,keen.lehmann@noop.com,Hard Rock - Lakeview 2 Queens,,
6H5AD,Perlman,Kind,kind.perlman@noop.com,Hard Rock - Lakeview 2 Queens,,
X5R9N,Ramanujan,Relaxed,relaxed.ramanujan@noop.com,Hard Rock - Standard King,,
M6XA6,Nightingale,Festive,festive.nightingale@noop.com,Hard Rock - Lakeview Balcony 2 Queens,,
TCRXN,Tharp,Beautiful,beautiful.tharp@noop.com,Hard Rock - Lakeview 2 Queens,,
7MNMN,Wozniak,Charming,charming.wozniak@noop.com,Hard Rock - Standard King,,
27A24,Hodgkin,Bold,admiring.stonebraker@noop.com,Bally's - Standard 2 Queens,,
TA2XH,Galois,Elated,elated.galois@noop.com,Hard Rock - Standard King,,
52HA9,Goldstine,Dreamy,dreamy.goldstine@noop.com,Hard Rock - Lakeview Balcony 2 Queens,,
KKR56,Yalow,Upbeat,upbeat.yalow@noop.com,Hard Rock - Pool View Balcony Suite,,
5NMX5,Williamson,Recursing,recursing.williamson@noop.com,Hard Rock - Lakeview Balcony King,,
R24H4,Wilbur,Strange,bold.antonelli@noop.com,Hard Rock - Pool View Balcony Suite,,
79469,Wilbur,Strange,bold.antonelli@noop.com,Hard Rock - Mountain View Suite,,
7D36C,Wiles,Hungry,hungry.wiles@noop.com,Hard Rock - Lakeview King,,
H32C8,Cannon,Stupefied,stupefied.cannon@noop.com,Hard Rock - Standard King,,
9X36R,Proskuriakova,Loving,loving.proskuriakova@noop.com,Hard Rock - Standard King,,
RCXNC,Jennings,Epic,epic.jennings@noop.com,Hard Rock - Lakeview King,,
3X4X6,Poitras,Brave,brave.poitras@noop.com,Hard Rock - Standard King,,
4M958,Lichterman,Priceless,priceless.lichterman@noop.com,Bally's - Executive King Suite,,
N978T,Rhodes,Laughing,sleepy.robinson@noop.com,Bally's - Standard 2 Queens,,
448KN,Euler,Sharp,sharp.euler@noop.com,Hard Rock - Standard King,,
92HRA,Dewdney,Wizardly,wizardly.dewdney@noop.com,Hard Rock - Standard King,,
C6HC5,Bose,Elegant,elegant.bose@noop.com,Hard Rock - Standard King,,
6XDNN,Engelbart,Trusting,trusting.engelbart@noop.com,Bally's - Standard King (Direct Sale),,
X26M5,Lamarr,Zealous,zealous.lamarr@noop.com,Bally's - Standard King,,
4K42K,Davinci,Silly,silly.davinci@noop.com,Art Room Bally's - Standard King,,
C6A63,Driscoll,Tender,tender.driscoll@noop.com,Bally's - Standard King,,
4A8TN,Shockley,Infallible,infallible.shockley@noop.com,Art Room Bally's - Standard 2 Queens,,
XK9RC,Austin,Musing,musing.austin@noop.com,Hard Rock - Standard King,,
5R3M2,Almeida,Quirky,quirky.almeida@noop.com,Hard Rock - Lakeview 2 Queens,,
C3XA3,Franklin,Brave,brave.franklin@noop.com,Hard Rock - Lakeview 2 Queens,,
36NXD,Chandrasekhar,Compassionate,compassionate.chandrasekhar@noop.com,Bally's - Standard King,,
A8363,Kirch,Agitated,agitated.kirch@noop.com,Bally's - Standard King,,
TR9AT,Sinoussi,Jolly,romantic.goldwasser@noop.com,Bally's - Executive King Suite,,
88K5K,Sinoussi,Jolly,romantic.goldwasser@noop.com,Art Room Bally's - Standard 2 Queens,,
464RD,Goldberg,Trusting,trusting.goldberg@noop.com,Hard Rock - Lakeview Balcony 2 Queens,,
RRA9H,Newton,Magical,magical.newton@noop.com,Hard Rock - Standard King,,
3CAKC,Greider,Inspiring,inspiring.greider@noop.com,Hard Rock - Lakeview Balcony Suite,,
6NH98,Chaum,Hopeful,hopeful.chaum@noop.com,Bally's - Standard 2 Queens,,
2NN5H,Bhaskara,Strange,focused.shockley@noop.com,Art Room Bally's - Standard King,,
389X3,Pike,Angry,eloquent.elgamal@noop.com,Hard Rock - Lakeview Balcony 2 Queens,,
RA3AC,Pike,Angry,eloquent.elgamal@noop.com,Bally's - Standard King,,
45MCM,Ardinghelli,Trusting,trusting.ardinghelli@noop.com,Bally's - Standard 2 Queens,,
K7NX7,Margulis,Cool,cool.margulis@noop.com,Bally's - Standard King,,
DNC3X,Ardinghelli,Laughing,laughing.ardinghelli@noop.com,Bally's - Sierra King Suite,,
5M6XR,Banzai,Beautiful,beautiful.banzai@noop.com,Hard Rock - Lakeview Balcony King,,
XCXRA,Sutherland,Wizardly,wizardly.sutherland@noop.com,Hard Rock - Lakeview 2 Queens,,
7R752,Knuth,Distracted,distracted.knuth@noop.com,Hard Rock - Lakeview Balcony King,,
XCAC5,Golick,Heuristic,laughing.lovelace@noop.com,Bally's - Standard King,,
XN8RC,Lovelace,Laughing,laughing.lovelace@noop.com,Bally's - Standard King,,
NNMA5,Chatterjee,Quizzical,quizzical.chatterjee@noop.com,Art Room Bally's - Standard 2 Queens (RFP Sale),,
5N6KT,Solomon,Boring,boring.solomon@noop.com,Hard Rock - Lakeview 2 Queens,,
N5ACR,Stonebraker,Jolly,jolly.stonebraker@noop.com,Hard Rock - Lakeview 2 Queens,,
539MN,Einstein,Interesting,interesting.einstein@noop.com,Bally's - Standard King,,
N7NMN,Keller,Kind,kind.keller@noop.com,Bally's - Standard King,,
2NXMH,Mclean,Goofy,goofy.mclean@noop.com,Hard Rock - Lakeview 2 Queens,,
2976N,Booth,Distracted,distracted.booth@noop.com,Bally's - Standard King,,
H8NA7,Lichterman,Hopeful,hopeful.lichterman@noop.com,Bally's - Standard 2 Queens,,
MCKND,Villani,Bold,bold.villani@noop.com,Art Room Bally's - Standard 2 Queens,,
XM47X,Shaw,Elegant,elegant.shaw@noop.com,Art Room Bally's - Standard 2 Queens,,
RCAHN,Swartz,Charming,charming.swartz@noop.com,Art Room Bally's - Standard 2 Queens,,
XHD2M,Poincare,Beautiful,beautiful.poincare@noop.com,Hard Rock - Lakeview Balcony 2 Queens,,
44359,Tharp,Jovial,jovial.tharp@noop.com,Bally's - Standard 2 Queens,,
65R87,Margulis,Clever,clever.margulis@noop.com,Bally's - Standard 2 Queens,,
HXM6R,Nash,Festive,festive.nash@noop.com,Art Room Bally's - Standard 2 Queens,,
9HX52,Elgamal,Priceless,priceless.elgamal@noop.com,Hard Rock - Standard King,,
CA6MH,Jang,Mystifying,mystifying.jang@noop.com,Bally's - Standard 2 Queens,,
DRT3H,Franklin,Flamboyant,flamboyant.franklin@noop.com,Bally's - Standard King,,
ARR43,Mirzakhani,Relaxed,relaxed.mirzakhani@noop.com,Hard Rock - Lakeview Balcony Suite,,
RD893,Chebyshev,Beautiful,beautiful.chebyshev@noop.com,Bally's - Standard 2 Queens,,
8HKMM,Ishizaka,Nostalgic,nostalgic.ishizaka@noop.com,Bally's - Standard 2 Queens,,
9DH9X,Heyrovsky,Practical,practical.heyrovsky@noop.com,Bally's - Standard 2 Queens,,
H42R8,Heisenberg,Stupefied,stupefied.heisenberg@noop.com,Hard Rock - Lakeview Balcony Suite,,
HTR83,Northcutt,Hopeful,hopeful.northcutt@noop.com,Hard Rock - Lakeview King,,
CKMTC,Bell,Gracious,gracious.bell@noop.com,Bally's - Standard 2 Queens,,
3C2DX,Kowalevski,Angry,angry.kowalevski@noop.com,Hard Rock - Lakeview Balcony 2 Queens,,
2NAHM,Perlman,Crazy,crazy.perlman@noop.com,Hard Rock - Standard King,,
2C598,Zhukovsky,Sad,upbeat.feynman@noop.com,Bally's - Standard 2 Queens,,
5XHAR,Zhukovsky,Sad,upbeat.feynman@noop.com,Bally's - Executive King Suite,,
H4N55,Hertz,Thirsty,thirsty.hertz@noop.com,Bally's - Standard King,,
KKMK8,Boyd,Ecstatic,ecstatic.boyd@noop.com,Bally's - Standard 2 Queens,,
MXXD7,Ptolemy,Zen,zen.ptolemy@noop.com,Bally's - Standard 2 Queens,,
D6574,Cray,Charming,charming.cray@noop.com,Hard Rock - Lakeview 2 Queens,,
8CK96,Borg,Gracious,gracious.borg@noop.com,Bally's - Standard 2 Queens,,
842NC,Goodall,Practical,practical.goodall@noop.com,Hard Rock - Lakeview 2 Queens,,
XM866,Easley,Adoring,adoring.easley@noop.com,Bally's - Sierra King Suite,,
H3453,Easley,Priceless,priceless.easley@noop.com,Bally's - Standard King,,
7AH92,Aryabhata,Musing,musing.aryabhata@noop.com,Bally's - Standard King,,
DR85K,Moser,Inspiring,inspiring.moser@noop.com,Hard Rock - Lakeview Balcony King,,
XD3M4,Greider,Lucid,nostalgic.edison@noop.com,Bally's - Standard King,,
337NX,Greider,Lucid,nostalgic.edison@noop.com,Bally's - Standard 2 Queens,,
27A2C,Brown,Cranky,cranky.brown@noop.com,Bally's - Standard King,,
C4998,Thompson,Jolly,jolly.thompson@noop.com,Hard Rock - Lakeview 2 Queens,,
M87AK,Lumiere,Confident,confident.lumiere@noop.com,Bally's - Standard 2 Queens,,
DR654,Roentgen,Thirsty,thirsty.roentgen@noop.com,Bally's - Standard 2 Queens,,
DC942,Lamport,Amazing,amazing.lamport@noop.com,Bally's - Standard 2 Queens,,
642NM,Lovelace,Funny,funny.lovelace@noop.com,Bally's - Standard 2 Queens,,
XRRD6,Cohen,Priceless,priceless.cohen@noop.com,Bally's - Standard King,,
XXN38,Heisenberg,Determined,determined.heisenberg@noop.com,Bally's - Standard 2 Queens,,
5D457,Ptolemy,Priceless,priceless.ptolemy@noop.com,Hard Rock - Balcony King,,
55R28,Vaughan,Ecstatic,ecstatic.vaughan@noop.com,Bally's - Standard King,,
3XHR3,Brahmagupta,Boring,boring.brahmagupta@noop.com,Bally's - Standard 2 Queens,,
5578D,Mendel,Vibrant,vibrant.mendel@noop.com,Bally's - Standard King,,
HRX98,Mclaren,Silly,silly.mclaren@noop.com,Bally's - Standard King,,
KHX85,Benz,Gracious,gracious.benz@noop.com,Bally's - Standard King,,
MH3R5,Babbage,Agitated,agitated.babbage@noop.com,Bally's - Standard King,,
29K94,Satoshi,Wonderful,wonderful.satoshi@noop.com,Bally's - Standard King,,
N9T8D,Cori,Eager,funny.austin@noop.com,Bally's - Standard 2 Queens,,
H7MN3,Cori,Eager,funny.austin@noop.com,Bally's - Sierra King Suite,,
XAXXA,Hellman,Keen,keen.hellman@noop.com,Bally's - Standard 2 Queens,,
48966,Hugle,Epic,epic.hugle@noop.com,Hard Rock - Standard King,,
H5NA5,Euclid,Cranky,dreamy.brattain@noop.com,Bally's - Sierra King Suite,,
3932R,Satoshi,Eloquent,eloquent.satoshi@noop.com,Bally's - Standard 2 Queens,,
X5522,Keldysh,Romantic,romantic.keldysh@noop.com,Bally's - Standard 2 Queens,,
8X68D,Mcclintock,Serene,serene.mcclintock@noop.com,Bally's - Standard 2 Queens,,
M8T97,Nash,Modest,modest.nash@noop.com,Bally's - Standard 2 Queens,,
5T37K,Wu,Vigorous,vigorous.wu@noop.com,Bally's - Sierra King Suite,,
6TXC6,Yonath,Loving,loving.yonath@noop.com,Hard Rock - Standard King,,
A8N8D,Montalcini,Trusting,peaceful.raman@noop.com,Bally's - Standard 2 Queens,,
9KMHK,Hopper,Elated,elated.hopper@noop.com,Bally's - Standard 2 Queens,,
95D2C,Fermi,Amazing,amazing.fermi@noop.com,Bally's - Tahoe King Suite,,
N97KM,Pascal,Focused,focused.pascal@noop.com,Bally's - Standard 2 Queens,,
2TAHA,Merkle,Sad,sad.merkle@noop.com,Bally's - Standard 2 Queens,,
7232R,Stonebraker,Festive,festive.stonebraker@noop.com,Bally's - Standard King,,
4C52D,Clarke,Dreamy,dreamy.clarke@noop.com,Hard Rock - Lakeview Balcony King,,
6ATMH,Moser,Confident,confident.moser@noop.com,Bally's - Standard 2 Queens,,
M3479,Ptolemy,Nervous,nervous.ptolemy@noop.com,Hard Rock - Lakeview 2 Queens,,
DDM66,Bartik,Vigilant,vigilant.bartik@noop.com,Hard Rock - Standard King,,
DX638,Herschel,Naughty,hungry.driscoll@noop.com,Bally's - Standard King,,
6NRN9,Villani,Vigilant,vigilant.villani@noop.com,Bally's - Standard King,,
KC2KT,Kapitsa,Bold,bold.kapitsa@noop.com,Hard Rock - Lakeview 2 Queens,,
C3HN4,Hermann,Epic,epic.hermann@noop.com,Hard Rock - Standard King,,
DA467,Bardeen,Practical,practical.bardeen@noop.com,Bally's - Standard 2 Queens,,
6DM7T,Austin,Crazy,crazy.austin@noop.com,Bally's - Standard 2 Queens,,
7DD7C,Bassi,Gifted,gifted.bassi@noop.com,Hard Rock - Standard King,,
NRC2M,Elgamal,Naughty,naughty.elgamal@noop.com,Bally's - Standard King,,
9D3NA,Mendeleev,Thirsty,vibrant.babbage@noop.com,Bally's - Standard 2 Queens,,
MD4T7,Fermat,Goofy,goofy.fermat@noop.com,Bally's - Standard King,,
2X976,Goldstine,Epic,epic.goldstine@noop.com,Bally's - Standard King,,
H9T5A,Lichterman,Infallible,infallible.lichterman@noop.com,Bally's - Standard 2 Queens,,
MHMT2,Moser,Naughty,charming.kirch@noop.com,Bally's - Standard 2 Queens,,
4TTX6,Moser,Naughty,charming.kirch@noop.com,Bally's - Sierra King Suite,,
A7CT4,Keldysh,Youthful,youthful.keldysh@noop.com,Bally's - Standard King,,
7XC97,Rosalind,Modest,modest.rosalind@noop.com,Bally's - Standard King,,
X358D,Chandrasekhar,Objective,objective.chandrasekhar@noop.com,Bally's - Standard 2 Queens,,
53X5D,Nightingale,Musing,musing.nightingale@noop.com,Bally's - Standard 2 Queens,,
H82MX,Cerf,Distracted,distracted.cerf@noop.com,Hard Rock - Standard King,,
8H66N,Haibt,Elated,elated.haibt@noop.com,Bally's - Standard King,,
ADHD9,Merkle,Upbeat,upbeat.merkle@noop.com,Bally's - Standard King,,
33558,Chaum,Focused,focused.chaum@noop.com,Bally's - Standard 2 Queens,,
632M4,Dirac,Confident,confident.dirac@noop.com,Hard Rock - Lakeview Balcony 2 Queens,,
D75N4,Hypatia,Priceless,priceless.hypatia@noop.com,Art Room Bally's - Standard King,,
2C6D8,Euler,Sharp,sharp.euler@noop.com,Bally's - Standard 2 Queens,,
RAR98,Rosalind,Sleepy,sleepy.rosalind@noop.com,Art Room Bally's - Standard King,,
AN272,Banach,Condescending,condescending.banach@noop.com,Bally's - Standard King,,
N3787,Bhabha,Determined,determined.bhabha@noop.com,Bally's - Standard King,,
5D6X6,Moser,Quirky,quirky.moser@noop.com,Bally's - Standard King,,
MM3HT,Maxwell,Vigorous,vigorous.maxwell@noop.com,Bally's - Standard 2 Queens,,
R72X4,Rosalind,Xenodochial,flamboyant.roentgen@noop.com,Art Room Bally's - Standard King,,
D32HD,Goldberg,Infallible,infallible.goldberg@noop.com,Bally's - Sierra 2 Queens Suite,,
R97CC,Ganguly,Pensive,happy.hawking@noop.com,Art Room Bally's - Standard 2 Queens,,
NKMD9,Engelbart,Ecstatic,ecstatic.engelbart@noop.com,Hard Rock - Standard King,,
MDD94,Moser,Zealous,zealous.moser@noop.com,Bally's - Standard 2 Queens,,
H8R7D,Driscoll,Sweet,sweet.driscoll@noop.com,Hard Rock - Lakeview 2 Queens,,
A2MDM,Noether,Kind,kind.noether@noop.com,Bally's - Standard 2 Queens,,
XR7CT,Hopper,Compassionate,compassionate.hopper@noop.com,Bally's - Standard 2 Queens,,
DCCAC,Kalam,Amazing,amazing.kalam@noop.com,Bally's - Standard 2 Queens,,
RMR77,Almeida,Distracted,distracted.almeida@noop.com,Bally's - Standard 2 Queens,,
5626T,Pascal,Nifty,nifty.pascal@noop.com,Bally's - Standard 2 Queens,,
454RH,Bohr,Clever,clever.bohr@noop.com,Bally's - Standard 2 Queens,,
7KCCM,Easley,Eager,eager.easley@noop.com,Bally's - Standard 2 Queens,,
7CNX9,Grothendieck,Zealous,zealous.grothendieck@noop.com,Bally's - Standard King,,
6XT5D,Hofstadter,Romantic,tender.dubinsky@noop.com,Bally's - Standard King,,
HN64D,Pascal,Angry,angry.pascal@noop.com,Hard Rock - Standard King,,
5X36R,Davinci,Lucid,lucid.davinci@noop.com,Bally's - Standard King,,
H8H2X,Visvesvaraya,Sweet,infallible.tesla@noop.com,Bally's - Standard 2 Queens,,
R42TT,Visvesvaraya,Sweet,infallible.tesla@noop.com,Bally's - Standard 2 Queens,,
HA5C5,Shannon,Amazing,amazing.shannon@noop.com,Bally's - Standard King,,
R8K87,Hopper,Ecstatic,vigilant.tharp@noop.com,Art Room Bally's - Standard 2 Queens,,
M2AXK,Tharp,Vigilant,vigilant.tharp@noop.com,Art Room Bally's - Standard 2 Queens,,
D85K3,Tereshkova,Kind,kind.tereshkova@noop.com,Bally's - Tahoe King Suite,,
5DTH7,Borg,Pedantic,pedantic.borg@noop.com,Bally's - Sierra King Suite,,
XMCCD,Hugle,Eager,eager.hugle@noop.com,Bally's - Sierra 2 Queens Suite,,
43DK8,Grothendieck,Crazy,crazy.grothendieck@noop.com,Bally's - Executive King Suite,,
X35T8,Colden,Eloquent,eloquent.colden@noop.com,Art Room Bally's - Standard King,,
C6635,Chaum,Nostalgic,nostalgic.chaum@noop.com,Bally's - Standard 2 Queens,,
R8N7H,Feynman,Wonderful,wonderful.feynman@noop.com,Art Room Bally's - Standard 2 Queens,,
M2AR8,Curran,Hardcore,hardcore.curran@noop.com,Bally's - Standard 2 Queens (RFP Sale),,
59NXK,Heyrovsky,Nervous,affectionate.mcnulty@noop.com,Bally's - Standard 2 Queens (Direct Sale),,
4NHKA,Beaver,Heuristic,heuristic.beaver@noop.com,Bally's - Standard 2 Queens (RFP Sale),,
AKNK6,Poincare,Eloquent,eloquent.poincare@noop.com,Bally's - Standard 2 Queens (RFP Sale),,
N4HMH,Napier,Competent,gifted.boyd@noop.com,Bally's - Standard King (Direct Sale),,
4HX5K,Spence,Youthful,youthful.spence@noop.com,Bally's - Standard 2 Queens (Direct Sale),,
CHAT4,Galois,Loving,loving.galois@noop.com,Bally's - Standard 2 Queens (RFP Sale),,
C2M5T,Knuth,Eloquent,eloquent.knuth@noop.com,Bally's - Standard 2 Queens (RFP Sale),,
H5242,Lumiere,Condescending,condescending.lumiere@noop.com,Hard Rock - Standard King (RFP Sale),,
34N53,Pike,Nervous,condescending.lalande@noop.com,Bally's - Standard 2 Queens (RFP Sale),,
738NC,Chandrasekhar,Sad,sad.chandrasekhar@noop.com,Bally's - Standard 2 Queens (RFP Sale),,
5XMTT,Babbage,Awesome,awesome.babbage@noop.com,Bally's - Standard King (Direct Sale),,
KM7KT,Leakey,Exciting,zealous.noyce@noop.com,Bally's - Standard King (RFP Sale),,
R554X,Heisenberg,Festive,festive.heisenberg@noop.com,Bally's - Standard 2 Queens (RFP Sale),,
H925T,Banzai,Silly,silly.banzai@noop.com,Bally's - Standard 2 Queens (RFP Sale),,
T4RNH,Easley,Distracted,distracted.easley@noop.com,Bally's - Standard King (Direct Sale),,
34X6K,Bouman,Gracious,gracious.bouman@noop.com,Bally's - Standard 2 Queens (RFP Sale),,
625D5,Engelbart,Sleepy,sweet.mcclintock@noop.com,Bally's - Standard King (RFP Sale),,
T496C,Hofstadter,Romantic,tender.dubinsky@noop.com,Bally's - Standard King (RFP Sale),,
CAART,Engelbart,Eager,eager.engelbart@noop.com,Bally's - Standard King (RFP Sale),,
6XKH3,Cray,Peaceful,peaceful.cray@noop.com,Bally's - Standard 2 Queens (RFP Sale),,
94CHM,Visvesvaraya,Happy,happy.visvesvaraya@noop.com,Bally's - Standard King (Direct Sale),,
5N65X,Rosalind,Confident,confident.rosalind@noop.com,Art Room Bally's - Standard 2 Queens (Direct Sale),,
D7RDH,Banach,Silly,distracted.allen@noop.com,Art Room Bally's - Standard 2 Queens (RFP Sale),,
4M9XA,Banach,Silly,distracted.allen@noop.com,Bally's - Standard King (RFP Sale),,
2C8MT,Galois,Xenodochial,xenodochial.galois@noop.com,Bally's - Standard King (Direct Sale),,
M9CXM,Shockley,Strange,strange.shockley@noop.com,Hard Rock - Standard King (RFP Sale),,
7TN4K,Montalcini,Sharp,sharp.montalcini@noop.com,Bally's - Standard 2 Queens (Direct Sale),,
26HM4,Lederberg,Goofy,crazy.diffie@noop.com,Bally's - Standard 2 Queens (RFP Sale),,
RCM56,Heisenberg,Hopeful,hopeful.heisenberg@noop.com,Bally's - Standard 2 Queens (RFP Sale),,
TN7MH,Herschel,Romantic,romantic.herschel@noop.com,Bally's - Standard King (Direct Sale),,
X67D3,Ganguly,Nervous,nervous.ganguly@noop.com,Bally's - Standard King (Direct Sale),,
C7RK6,Bose,Tender,awesome.beaver@noop.com,Hard Rock - Standard King (RFP Sale),,
4DC8N,Galileo,Pensive,pensive.galileo@noop.com,Bally's - Standard King (Direct Sale),,
CTNRD,Ptolemy,Confident,confident.ptolemy@noop.com,Bally's - Standard King (Direct Sale),,
9M273,Chaum,Frosty,frosty.chaum@noop.com,Bally's - Standard King (Direct Sale),,
7T2NC,Cannon,Gracious,gracious.cannon@noop.com,Bally's - Standard King (Direct Sale),,
4X7HK,Hofstadter,Heuristic,heuristic.hofstadter@noop.com,Bally's - Standard King (Direct Sale),,
CA99N,Chaplygin,Xenodochial,xenodochial.chaplygin@noop.com,Bally's - Standard King (Direct Sale),,
X4357,Morse,Gifted,gifted.morse@noop.com,Bally's - Standard 2 Queens (Direct Sale),,
698KR,Buck,Gracious,gracious.buck@noop.com,Bally's - Standard King (Direct Sale),,
HX37D,Wing,Brave,brave.wing@noop.com,Bally's - Standard 2 Queens (RFP Sale),,
KX7XK,Margulis,Unruffled,unruffled.margulis@noop.com,Bally's - Standard 2 Queens (RFP Sale),,
C6MN8,Lederberg,Goofy,crazy.diffie@noop.com,Bally's - Standard King (RFP Sale),,
72T97,Almeida,Tender,strange.black@noop.com,Bally's - Standard 2 Queens (RFP Sale),,
T3N6H,Ptolemy,Blissful,blissful.ptolemy@noop.com,Hard Rock - Standard King (RFP Sale),,
84MMX,Faraday,Naughty,naughty.faraday@noop.com,Bally's - Standard 2 Queens (RFP Sale),,
RNRT3,Merkle,Friendly,friendly.merkle@noop.com,Bally's - Standard 2 Queens (RFP Sale),,
AM7C7,Jepsen,Distracted,distracted.jepsen@noop.com,Bally's - Standard 2 Queens (RFP Sale),,
HC38M,Chatelet,Sad,sad.chatelet@noop.com,Bally's - Standard 2 Queens (RFP Sale),,
CX5K6,Hawking,Keen,keen.hawking@noop.com,Bally's - Standard 2 Queens (RFP Sale),,
CNXC7,Pike,Nervous,condescending.lalande@noop.com,Art Room Bally's - Standard 2 Queens (RFP Sale),,
34CK7,Yalow,Elated,elated.yalow@noop.com,Bally's - Standard King (RFP Sale),,
2933H,Kilby,Objective,objective.kilby@noop.com,Bally's - Standard King (RFP Sale),,
27T3A,Cannon,Crazy,crazy.cannon@noop.com,Bally's - Standard King (RFP Sale),,
XD7K8,Ptolemy,Xenodochial,xenodochial.ptolemy@noop.com,Bally's - Standard 2 Queens (RFP Sale),,
89TAR,Keller,Admiring,admiring.keller@noop.com,Bally's - Standard King (RFP Sale),,
5K2X3,Fermi,Friendly,friendly.fermi@noop.com,Bally's - Standard 2 Queens (RFP Sale),,
4N852,Snyder,Determined,determined.snyder@noop.com,Bally's - Standard 2 Queens (RFP Sale),,
7688X,Bose,Tender,awesome.beaver@noop.com,Art Room Bally's - Standard 2 Queens (RFP Sale),,
889XH,Leakey,Busy,busy.leakey@noop.com,Bally's - Standard 2 Queens (RFP Sale),,
AT2N7,Jennings,Suspicious,suspicious.jennings@noop.com,Bally's - Standard King (RFP Sale),,
6C65N,Germain,Quirky,quirky.germain@noop.com,Bally's - Standard 2 Queens (RFP Sale),,
H3824,Shockley,Tender,compassionate.euclid@noop.com,Art Room Bally's - Standard 2 Queens (RFP Sale),,
RK8K6,Chandrasekhar,Inspiring,inspiring.chandrasekhar@noop.com,Bally's - Standard King (RFP Sale),,
8T9KR,Joliot,Vibrant,vibrant.joliot@noop.com,Bally's - Standard King (RFP Sale),,
4ATK3,Shockley,Tender,compassionate.euclid@noop.com,Bally's - Standard 2 Queens (RFP Sale),,
MMTAC,Zhukovsky,Quirky,quirky.zhukovsky@noop.com,Bally's - Standard King (RFP Sale),,
44694,Lichterman,Boring,priceless.albattani@noop.com,Bally's - Standard King (RFP Sale),,
C7523,Bell,Festive,festive.bell@noop.com,Bally's - Standard 2 Queens (RFP Sale),,
8ACD6,Engelbart,Sleepy,sweet.mcclintock@noop.com,Bally's - Standard 2 Queens (RFP Sale),,
3DNC8,Proskuriakova,Confident,confident.proskuriakova@noop.com,Bally's - Standard 2 Queens (RFP Sale),,
